PROVIDER_ID,Hospital_Name,Address,State,ZIP Code,report_indicator,Patient_Experience_cnt,Outcomes_Readmission_cnt,Outcomes_Mortality_cnt,Outcomes_Safety_cnt,Process_cnt,Total_measure_group_cnt,MortSafe_Group_cnt,cnt_grp,summary_score,star,Std_Outcomes_Mortality_score,Std_Outcomes_Readmission_score,Std_Outcomes_Safety_score,Std_PatientExp_score,Std_Process_score
490037,RIVERSIDE SHORE MEMORIAL HOSPITAL,20480 MARKET STREET,VA,23417.0,1,8,8,5,2,9,4,1,2) # of groups=4,0.0240835667195352,3.0,-1.3778878640362024,-0.0628293152049339,0.6169533944292974,0.340153861258165,1.087314582511196
490052,RIVERSIDE REGIONAL MEDICAL CENTER,500 J CLYDE MORRIS BLVD,VA,23601.0,1,8,10,7,7,11,5,2,3) # of groups=5,-0.2604588158724789,2.0,-1.90791348703298,-0.3786937929266269,0.5904955657838966,0.2146511853268589,0.5455208372855698
490130,RIVERSIDE WALTER REED HOSPITAL,7519 HOSPITAL ROAD,VA,23061.0,1,8,7,5,3,9,5,2,3) # of groups=5,0.0874209676821851,4.0,-0.6777818029435311,-0.1504893455206872,-0.1652539231870008,0.8571749010480895,0.9784833767906136
490143,RIVERSIDE DOCTORS' HOSPITAL OF WILLIAMSBURG,1500 COMMONWEALTH AVENUE,VA,23185.0,1,8,7,5,3,7,5,2,3) # of groups=5,0.310137302678919,4.0,0.2013942096000089,-0.0360873844242049,-0.1833874149186106,0.7833659146128639,1.18145442672922
